filename,width,height,label,xmin,ymin,xmax,ymax
000023.png,774,434,Infected,285,178,540,361
000023.png,774,434,Non-Infected,129,8,708,137
000023.png,774,434,Non-Infected,81,231,271,375
000033.png,774,434,Infected,271,17,576,425
000033.png,774,434,Non-Infected,98,56,240,394
000040.png,774,434,Infected,297,123,486,335
000040.png,774,434,Non-Infected,500,93,681,332
000040.png,774,434,Non-Infected,77,115,267,329
000047.png,774,434,Infected,260,156,451,434
000047.png,774,434,Non-Infected,459,104,684,374
000049.png,586,328,Non-Infected,273,35,439,190
000049.png,586,328,Non-Infected,168,205,426,328
000054.png,774,434,Infected,312,46,485,405
000054.png,774,434,Non-Infected,496,52,674,273
000054.png,774,434,Non-Infected,101,133,289,368
000056.png,586,328,Infected,279,30,399,98
000056.png,586,328,Non-Infected,199,102,332,182
000056.png,586,328,Non-Infected,126,189,441,304
000061.png,774,434,Infected,268,37,415,291
000061.png,774,434,Infected,353,296,497,359
000061.png,774,434,Non-Infected,426,58,559,241
000061.png,774,434,Non-Infected,87,98,245,297
000061.png,774,434,Non-Infected,153,366,660,432
000068.png,774,434,Infected,269,15,419,370
000068.png,774,434,Non-Infected,424,29,569,235
000068.png,774,434,Non-Infected,85,118,252,283
000068.png,774,434,Non-Infected,180,368,646,434
000070.png,586,328,Infected,340,12,396,181
000070.png,586,328,Infected,264,9,338,105
000070.png,586,328,Non-Infected,156,187,431,317
000070.png,586,328,Non-Infected,249,120,335,184
000075.png,774,434,Infected,314,8,475,308
000075.png,774,434,Non-Infected,483,10,632,214
000075.png,774,434,Non-Infected,107,79,285,279
000075.png,774,434,Non-Infected,176,360,670,434
000082.png,774,434,Infected,335,33,485,359
000082.png,774,434,Non-Infected,490,53,640,251
000082.png,774,434,Non-Infected,117,71,305,316
000082.png,774,434,Non-Infected,251,370,677,434
000085.png,586,328,Infected,221,14,480,211
000085.png,586,328,Non-Infected,157,192,307,256
000092.png,586,328,Infected,313,59,439,265
000092.png,586,328,Non-Infected,141,202,305,277
000096.png,774,434,Infected,337,19,485,360
000096.png,774,434,Non-Infected,488,40,635,245
000096.png,774,434,Non-Infected,102,80,322,323
000103.png,774,434,Infected,322,55,445,383
000103.png,774,434,Non-Infected,448,74,578,251
000103.png,774,434,Non-Infected,324,390,675,433
000103.png,774,434,Non-Infected,116,87,281,323
000142.png,612,344,Infected,275,42,451,231
000142.png,612,344,Non-Infected,133,50,248,169
000142.png,612,344,Non-Infected,179,248,459,339
000149 (1).png,612,344,Infected,210,66,394,302
000149 (1).png,612,344,Non-Infected,416,168,505,260
000149.png,612,344,Infected,205,63,401,284
000149.png,612,344,Non-Infected,412,159,501,270
000156.png,774,434,Infected,90,237,513,381
000156.png,774,434,Non-Infected,624,109,749,280
000170.png,612,344,Infected,232,6,404,250
000170.png,612,344,Non-Infected,185,255,445,341
000174.png,612,344,Infected,232,31,367,154
000175.png,612,344,Infected,246,14,416,241
000175.png,612,344,Non-Infected,180,250,446,339
000177.png,612,344,Infected,234,41,417,287
000178 (1).png,612,344,Infected,230,29,411,263
000178.png,612,344,Infected,228,22,411,270
000179 (1).png,612,344,Infected,224,24,421,271
000179.png,612,344,Infected,224,25,420,281
000182.png,612,344,Infected,164,148,351,240
000182.png,612,344,Non-Infected,185,265,448,333
000183 (1).png,612,344,Infected,206,131,367,246
000183 (1).png,612,344,Non-Infected,175,260,452,332
000183.png,612,344,Infected,216,123,349,242
000183.png,612,344,Infected,186,264,441,337
000186 (1).png,612,344,Infected,235,113,394,275
000186 (1).png,612,344,Non-Infected,188,285,451,330
000186.png,612,344,Infected,233,121,406,281
000186.png,612,344,Non-Infected,172,295,439,335
000188 (1).png,612,344,Infected,136,56,353,231
000188 (1).png,612,344,Non-Infected,177,246,454,328
000188.png,612,344,Infected,142,53,388,235
000188.png,612,344,Non-Infected,158,252,462,329
000189 (1).png,612,344,Infected,140,40,401,236
000189 (1).png,612,344,Non-Infected,165,252,451,329
000189.png,612,344,Infected,148,42,386,205
000189.png,612,344,Non-Infected,165,244,451,335
000190 (1).png,612,344,Infected,180,43,423,211
000190 (1).png,612,344,Non-Infected,170,223,466,335
000190.png,612,344,Infected,184,52,428,214
000190.png,612,344,Non-Infected,147,245,467,330
000194.png,612,344,Infected,170,155,394,312
000194.png,612,344,Non-Infected,164,6,374,117
000195.png,612,344,Infected,180,152,388,293
000195.png,612,344,Non-Infected,157,19,394,117
000196.png,612,344,Infected,166,142,409,297
000196.png,612,344,Non-Infected,162,17,464,135
000197.png,612,344,Infected,195,164,406,291
000197.png,612,344,Non-Infected,149,30,406,137
000198 (1).png,612,344,Infected,193,130,389,301
000198 (1).png,612,344,Non-Infected,158,15,336,82
000198.png,612,344,Infected,194,129,389,311
000198.png,612,344,Non-Infected,161,6,353,95
000199.png,612,344,Infected,206,108,386,271
000200.png,612,344,Infected,203,112,373,291
000200.png,612,344,Non-Infected,159,16,314,83
000201.png,612,344,Infected,177,154,387,291
000201.png,612,344,Non-Infected,152,37,376,123
000202 (1).png,612,344,Infected,199,159,400,282
000202 (1).png,612,344,Non-Infected,140,27,418,137
000202.png,612,344,Infected,191,150,407,289
000202.png,612,344,Non-Infected,152,31,419,137
000203 (1).png,612,344,Infected,198,171,396,297
000203 (1).png,612,344,Non-Infected,148,41,391,142
000203.png,612,344,Infected,197,172,392,291
000203.png,612,344,Non-Infected,145,34,387,138
000211.png,612,344,Infected,164,169,459,323
000211.png,612,344,Non-Infected,162,13,381,145
000217.png,612,344,Infected,295,165,422,292
000217.png,612,344,Infected,155,22,458,152
000249.png,706,396,Infected,315,88,475,262
000249.png,706,396,Non-Infected,71,108,260,383
000249.png,706,396,Non-Infected,287,297,549,396
000251.png,706,396,Infected,358,99,543,326
000251.png,706,396,Non-Infected,93,153,353,387
000252.png,706,396,Infected,355,80,507,261
000252.png,706,396,Non-Infected,64,159,350,365
000253.png,706,396,Infected,367,119,510,322
000253.png,706,396,Non-Infected,67,116,356,379
000254.png,706,396,Infected,389,115,512,303
000254.png,706,396,Non-Infected,74,120,311,389
000255.png,706,396,Infected,367,125,480,272
000255.png,706,396,Non-Infected,78,182,312,371
000256.png,706,396,Infected,385,117,496,243
000256.png,706,396,Non-Infected,78,164,295,371
000257.png,706,396,Infected,405,133,484,248
000257.png,706,396,Non-Infected,99,191,319,375
000258.png,706,396,Infected,409,121,490,227
000258.png,706,396,Non-Infected,100,193,348,383
000259.png,706,396,Infected,390,137,494,239
000259.png,706,396,Non-Infected,82,208,363,381
000260.png,706,396,Infected,372,138,486,244
000260.png,706,396,Non-Infected,78,221,354,387
000261.png,706,396,Infected,377,145,475,248
000261.png,706,396,Non-Infected,86,101,308,386
000262.png,706,396,Infected,419,148,509,271
000262.png,706,396,Non-Infected,96,71,329,388
000263.png,706,396,Infected,403,136,500,284
000263.png,706,396,Non-Infected,95,80,326,396
000264.png,706,396,Infected,392,136,492,284
000264.png,706,396,Non-Infected,84,212,305,353
000266.png,706,396,Infected,395,153,504,274
000266.png,706,396,Non-Infected,79,214,325,372
000267.png,706,396,Infected,385,132,497,269
000267.png,706,396,Non-Infected,79,173,321,396
000268.png,706,396,Infected,395,132,499,261
000268.png,706,396,Non-Infected,78,203,299,360
000269.png,706,396,Infected,384,148,474,271
000269.png,706,396,Non-Infected,94,221,332,396
000270.png,586,328,Infected,259,31,393,96
000270.png,586,328,Non-Infected,144,130,306,328
000271.png,706,396,Infected,359,109,503,292
000271.png,706,396,Non-Infected,76,173,315,363
000272.png,706,396,Infected,377,110,484,274
000272.png,706,396,Non-Infected,87,102,331,366
000273.png,706,396,Infected,381,123,492,272
000273.png,706,396,Non-Infected,85,186,337,377
000274.png,706,396,Infected,382,128,467,291
000274.png,706,396,Non-Infected,74,195,357,381
000275.png,706,396,Infected,370,146,467,272
000275.png,706,396,Non-Infected,90,195,362,396
000276.png,706,396,Infected,378,134,489,279
000276.png,706,396,Non-Infected,98,185,358,395
000277.png,706,396,Infected,388,146,517,264
000277.png,706,396,Non-Infected,66,214,357,396
000278.png,706,396,Infected,373,142,494,246
000278.png,706,396,Non-Infected,94,215,354,375
000279.png,706,396,Infected,380,143,485,251
000279.png,706,396,Non-Infected,89,200,365,389
000280.png,706,396,Infected,377,156,468,251
000280.png,706,396,Non-Infected,99,197,360,394
000281.png,706,396,Infected,372,148,488,247
000281.png,706,396,Non-Infected,83,183,348,396
000282.png,706,396,Infected,379,141,489,251
000282.png,706,396,Non-Infected,79,179,293,394
000286.png,774,434,Infected,389,33,647,316
000287.png,706,396,Infected,253,100,379,226
000287.png,706,396,Non-Infected,81,205,236,361
000287.png,706,396,Non-Infected,399,71,575,247
000295.png,774,434,Infected,362,197,649,425
000295.png,774,434,Non-Infected,480,1,690,114
000297.png,774,434,Infected,322,1,596,301
000297.png,774,434,Non-Infected,83,111,284,281
000298.png,774,434,Infected,334,18,633,320
000298.png,774,434,Non-Infected,79,76,325,304
000299.png,774,434,Infected,347,79,625,372
000299.png,774,434,Non-Infected,80,105,303,321
000300.png,774,434,Infected,345,64,644,332
000300.png,774,434,Non-Infected,73,73,337,304
000301 - Copy.png,774,434,Infected,370,92,560,294
000301 - Copy.png,774,434,Non-Infected,97,116,300,305
000301 - Copy.png,774,434,Non-Infected,140,337,670,434
000301.png,774,434,Infected,370,111,656,344
000301.png,774,434,Non-Infected,118,82,349,313
000302.png,774,434,Infected,384,131,656,368
000302.png,774,434,Non-Infected,93,95,356,353
000303.png,774,434,Infected,359,221,689,428
000303.png,774,434,Non-Infected,117,148,325,413
000308.png,774,434,Infected,353,224,618,426
000308.png,774,434,Non-Infected,85,151,340,419
000309.png,774,434,Infected,395,4,631,406
000309.png,774,434,Non-Infected,131,116,345,378
000314.png,774,434,Infected,400,1,600,434
000314.png,774,434,Non-Infected,92,99,323,386
000317.png,774,434,Infected,380,4,615,429
000317.png,774,434,Non-Infected,70,176,338,423
000320.png,774,434,Infected,585,6,749,320
000320.png,774,434,Non-Infected,114,46,568,361
000324.png,774,434,Infected,485,3,718,427
000324.png,774,434,Non-Infected,76,174,478,430
000327.png,586,328,Infected,242,1,392,149
000330.png,774,434,Infected,538,1,740,432
000330.png,774,434,Non-Infected,108,237,528,432
000337.png,774,434,Infected,481,1,680,428
000337.png,774,434,Non-Infected,123,205,471,424
000348.png,810,454,Infected,194,43,430,454
000352.png,586,328,Infected,291,17,443,169
000352.png,586,328,Non-Infected,140,123,281,264
000352.png,586,328,Non-Infected,295,180,427,312
000370.png,586,328,Infected,306,78,408,180
000370.png,586,328,Non-Infected,152,159,297,304
000370.png,586,328,Non-Infected,324,201,437,314
000379.png,706,396,Infected,382,139,509,266
000379.png,706,396,Non-Infected,68,86,318,336
000398.png,774,434,Infected,387,46,693,419
000398.png,774,434,Non-Infected,68,107,379,422
000410 (1).png,612,344,Infected,145,190,464,308
000410 (1).png,612,344,Non-Infected,141,33,360,145
000410.png,612,344,Infected,183,182,458,298
000410.png,612,344,Non-Infected,150,32,318,179
000423.png,774,434,Infected,415,15,729,434
000423.png,774,434,Non-Infected,68,71,403,417
000435.png,706,396,Infected,353,150,493,290
000435.png,706,396,Non-Infected,64,91,302,329
000440.png,586,328,Infected,263,54,358,149
000440.png,586,328,Non-Infected,155,157,307,309
000448.png,774,434,Infected,414,3,736,434
000448.png,774,434,Non-Infected,75,80,406,430
000460.png,706,396,Infected,345,171,483,309
000460.png,706,396,Non-Infected,82,53,319,290
000470.png,774,434,Infected,457,13,669,421
000470.png,774,434,Non-Infected,71,9,419,426
000476.png,586,328,Infected,370,122,485,237
000476.png,586,328,Non-Infected,137,98,330,291
000477.png,774,434,Non-Infected,223,14,680,224
000478.png,774,434,Non-Infected,274,20,749,302
000479.png,774,434,Non-Infected,254,4,738,333
000480.png,774,434,Infected,549,42,730,326
000480.png,774,434,Non-Infected,108,65,541,302
000485.png,706,396,Infected,340,145,514,319
000485.png,706,396,Non-Infected,60,54,285,279
000486.png,774,434,Infected,387,41,589,434
000486.png,774,434,Non-Infected,68,6,366,428
000487.png,774,434,Infected,367,15,582,432
000487.png,774,434,Non-Infected,78,4,360,428
000491.png,774,434,Infected,354,11,502,129
000491.png,774,434,Non-Infected,135,235,406,361
000491.png,774,434,Non-Infected,576,9,653,105
000494.png,774,434,Infected,392,229,644,430
000494.png,774,434,Non-Infected,86,7,378,409
000496.png,706,396,Infected,363,144,480,261
000496.png,706,396,Non-Infected,72,81,357,366
000496.png,706,396,Non-Infected,433,278,543,389
000497.png,774,434,Infected,363,32,636,388
000497.png,774,434,Non-Infected,87,65,354,403
000499.png,774,434,Infected,374,26,625,373
000499.png,774,434,Non-Infected,90,53,353,405
000501.png,774,434,Infected,356,41,563,430
000501.png,774,434,Non-Infected,98,72,348,429
000502.png,774,434,Infected,380,36,585,427
000502.png,774,434,Non-Infected,59,11,368,430
000504.png,774,434,Infected,453,2,681,327
000504.png,774,434,Non-Infected,60,13,446,321
000505.png,774,434,Non-Infected,279,5,731,292
000506.png,774,434,Non-Infected,369,22,736,313
000507.png,774,434,Non-Infected,324,4,741,299
000508.png,774,434,Non-Infected,300,5,745,274
000508.png,774,434,Non-Infected,182,301,315,434
000508.png,774,434,Non-Infected,349,309,474,434
000509.png,774,434,Infected,577,1,770,286
000509.png,774,434,Non-Infected,62,7,571,343
000510.png,774,434,Infected,501,1,745,396
000510.png,774,434,Non-Infected,52,9,494,361
000511.png,774,434,Infected,440,1,735,358
000511.png,774,434,Non-Infected,57,4,434,363
000512.png,774,434,Infected,417,3,680,367
000512.png,774,434,Non-Infected,39,1,409,365
000513.png,774,434,Infected,416,6,657,393
000513.png,774,434,Non-Infected,51,5,409,394
000514.png,774,434,Infected,397,8,695,409
000514.png,774,434,Non-Infected,53,42,389,395
000515.png,774,434,Infected,428,30,719,413
000515.png,774,434,Non-Infected,45,61,418,392
000516.png,774,434,Infected,459,7,684,406
000516.png,774,434,Non-Infected,52,6,418,366
000523.png,774,434,Infected,418,36,645,433
000523.png,774,434,Non-Infected,42,4,409,421
000530.png,774,434,Infected,289,132,698,424
000530.png,774,434,Non-Infected,82,21,270,416
000538 (1).png,612,344,Infected,212,133,357,272
000538 (1).png,612,344,Non-Infected,170,25,427,106
000538.png,612,344,Infected,212,142,362,270
000540.png,612,344,Infected,210,142,346,279
000540.png,612,344,Non-Infected,164,17,308,125
000540.png,612,344,Non-Infected,355,31,457,171
000542 (1).png,612,344,Infected,224,68,363,233
000542 (1).png,612,344,Non-Infected,225,274,430,334
000542 (1).png,612,344,Non-Infected,379,23,463,126
000544.png,612,344,Infected,159,145,317,270
000544.png,612,344,Non-Infected,347,41,483,193
000544.png,612,344,Non-Infected,153,32,311,93
000545.png,810,454,Infected,223,4,510,275
000545.png,810,454,Non-Infected,119,293,389,454
000545.png,810,454,Non-Infected,545,237,732,454
000546.png,612,344,Infected,181,144,314,270
000546.png,612,344,Non-Infected,327,43,487,189
000547.png,810,454,Infected,276,37,498,238
000547.png,810,454,Non-Infected,156,265,731,454
000548.png,810,454,Infected,244,90,452,253
000548.png,810,454,Non-Infected,128,276,730,454
000550 (1).png,612,344,Infected,197,158,329,273
000550 (1).png,612,344,Non-Infected,154,23,310,139
000550 (1).png,612,344,Non-Infected,346,25,482,211
000550.png,612,344,Infected,201,146,310,267
000550.png,612,344,Non-Infected,341,43,479,205
000550.png,612,344,Non-Infected,159,4,319,138
000551.png,810,454,Infected,301,108,497,322
000551.png,810,454,Non-Infected,103,349,387,454
000552 (1).png,612,344,Infected,189,144,316,274
000552 (1).png,612,344,Non-Infected,335,10,482,200
000552 (1).png,612,344,Non-Infected,154,27,298,132
000552.png,612,344,Infected,190,143,323,279
000552.png,612,344,Non-Infected,338,14,479,213
000552.png,612,344,Non-Infected,144,30,313,135
000553.png,810,454,Infected,278,34,551,266
000553.png,810,454,Non-Infected,183,306,456,454
000554 (1).png,612,344,Infected,220,129,402,251
000554 (1).png,612,344,Non-Infected,163,22,308,108
000554 (1).png,612,344,Non-Infected,206,258,452,332
000554.png,612,344,Infected,208,124,408,259
000554.png,612,344,Non-Infected,173,23,308,99
000555.png,810,454,Infected,315,39,507,242
000555.png,810,454,Non-Infected,99,249,735,454
000556.png,810,454,Infected,333,93,521,248
000556.png,810,454,Non-Infected,98,272,727,454
000557 (1).png,612,344,Infected,173,183,350,299
000557 (1).png,612,344,Non-Infected,158,22,438,166
000557.png,612,344,Infected,153,181,336,301
000557.png,612,344,Non-Infected,155,22,452,166
000558.png,810,454,Infected,316,91,534,280
000558.png,810,454,Non-Infected,93,305,729,454
000559.png,612,344,Infected,142,178,331,289
000559.png,612,344,Non-Infected,144,24,449,165
000561 (1).png,612,344,Infected,139,182,348,306
000561 (1).png,612,344,Non-Infected,136,32,465,178
000561.png,612,344,Infected,140,177,361,295
000561.png,612,344,Non-Infected,140,30,461,169
000563.png,612,344,Infected,184,160,353,281
000563.png,612,344,Non-Infected,149,28,458,153
000565 (1).png,612,344,Infected,157,142,310,257
000565 (1).png,612,344,Non-Infected,360,88,515,218
000565.png,612,344,Infected,149,143,333,259
000565.png,612,344,Non-Infected,360,78,509,225
000574.png,612,344,Infected,316,83,513,283
000574.png,612,344,Non-Infected,174,1,410,70
000576.png,612,344,Infected,318,114,521,292
000576.png,612,344,Non-Infected,126,177,296,274
000576.png,612,344,Non-Infected,170,1,428,74
000578.png,612,344,Infected,123,135,253,247
000578.png,612,344,Non-Infected,163,273,430,344
000578.png,612,344,Non-Infected,289,132,509,254
000582.png,612,344,Infected,216,167,333,269
000582.png,612,344,Non-Infected,162,11,437,146
000584 (1).png,612,344,Infected,285,176,359,254
000584 (1).png,612,344,Non-Infected,144,26,485,168
000584.png,612,344,Infected,275,171,361,243
000584.png,612,344,Non-Infected,146,14,475,165
000588.png,612,344,Infected,265,160,340,230
000588.png,612,344,Non-Infected,148,13,452,143
000588.png,612,344,Non-Infected,184,237,452,344
000591.png,612,344,Infected,267,167,323,234
000591.png,612,344,Non-Infected,143,1,463,155
000591.png,612,344,Non-Infected,182,248,439,343
000593.png,612,344,Infected,266,153,350,235
000593.png,612,344,Non-Infected,147,20,440,143
000593.png,612,344,Non-Infected,182,239,442,344
000595.png,612,344,Infected,256,148,345,235
000595.png,612,344,Non-Infected,159,15,402,133
000595.png,612,344,Non-Infected,187,247,456,343
000597.png,612,344,Infected,261,142,331,227
000597.png,612,344,Non-Infected,155,238,458,331
000597.png,612,344,Non-Infected,156,11,375,133
000598.png,586,328,Infected,215,74,361,220
000599.png,612,344,Infected,189,169,340,260
000599.png,612,344,Non-Infected,153,15,309,164
000599.png,612,344,Non-Infected,189,266,439,344
000601.png,612,344,Infected,362,57,503,221
000601.png,612,344,Non-Infected,185,224,441,344
000601.png,612,344,Non-Infected,113,147,296,216
000601.png,612,344,Non-Infected,121,64,269,142
000601.png,612,344,Non-Infected,218,3,450,54
000602.png,774,434,Infected,73,108,475,426
000602.png,774,434,Non-Infected,547,31,668,201
000603 (1).png,612,344,Infected,389,43,493,225
000603 (1).png,612,344,Non-Infected,219,10,386,140
000603 (1).png,612,344,Non-Infected,125,142,383,273
000603 (1).png,612,344,Non-Infected,164,280,441,338
000603.png,612,344,Infected,399,77,510,232
000603.png,612,344,Non-Infected,200,2,394,149
000603.png,612,344,Non-Infected,126,154,397,271
000603.png,612,344,Non-Infected,184,275,444,344
000605.png,612,344,Infected,244,142,412,232
000605.png,612,344,Non-Infected,153,7,487,118
000605.png,612,344,Non-Infected,141,240,448,340
000607.png,586,328,Infected,213,84,337,208
000609.png,586,328,Infected,162,67,376,281
000610.png,586,328,Infected,151,83,364,296
000611.png,586,328,Infected,158,83,322,247
000612.png,612,344,Infected,323,44,467,277
000612.png,612,344,Non-Infected,132,46,318,282
000612.png,612,344,Non-Infected,177,291,443,344
000613.png,612,344,Infected,349,70,468,245
000613.png,612,344,Non-Infected,136,57,343,304
000613.png,612,344,Non-Infected,162,307,443,343
000613.png,612,344,Non-Infected,359,254,474,303
000614.png,612,344,Infected,341,61,468,223
000614.png,612,344,Non-Infected,142,45,336,294
000614.png,612,344,Non-Infected,343,235,451,333
000614.png,612,344,Non-Infected,176,300,337,344
000615.png,586,328,Infected,182,75,331,224
000616.png,586,328,Infected,140,94,297,251
000617.png,586,328,Infected,129,89,294,254
000618.png,586,328,Infected,139,87,284,232
000619.png,586,328,Infected,152,77,333,258
000620.png,586,328,Infected,121,70,316,265
000621.png,586,328,Infected,107,67,298,258
000622.png,586,328,Infected,292,67,431,206
000626.png,586,328,Infected,157,42,324,209
000627.png,774,434,Infected,85,110,568,430
000628.png,586,328,Infected,176,63,323,210
000629.png,586,328,Infected,139,48,300,209
000636.png,586,328,Infected,256,17,439,200
000639.png,586,328,Infected,280,1,411,131
000640.png,586,328,Infected,236,1,407,170
000641.png,586,328,Infected,346,32,453,139
000642.png,586,328,Infected,315,25,443,153
000652.png,774,434,Infected,61,117,519,392
000677.png,774,434,Infected,350,4,665,298
000677.png,774,434,Non-Infected,48,30,343,415
000690.png,586,328,Infected,229,85,359,215
000695.png,810,454,Infected,401,23,560,214
000695.png,810,454,Infected,490,220,612,342
000695.png,810,454,Non-Infected,101,1,372,454
000702.png,774,434,Infected,349,4,740,298
000702.png,774,434,Non-Infected,48,6,344,421
000728.png,586,328,Infected,221,38,370,187
000731.png,586,328,Infected,237,22,379,164
000733.png,586,328,Infected,328,39,463,174
000733.png,586,328,Non-Infected,135,78,321,264
000736.png,586,328,Infected,243,26,391,174
000736.png,586,328,Non-Infected,211,187,340,316
000738.png,586,328,Infected,296,55,431,190
000738.png,586,328,Non-Infected,164,118,287,325
000739.png,586,328,Infected,319,75,475,202
000739.png,586,328,Non-Infected,153,94,308,315
000740.png,586,328,Infected,311,100,467,194
000740.png,586,328,Non-Infected,161,131,296,315
000741.png,774,434,Infected,270,1,692,320
000742.png,774,434,Infected,409,28,741,313
000742.png,774,434,Non-Infected,329,326,711,421
000743.png,774,434,Infected,461,139,758,352
000743.png,774,434,Non-Infected,60,1,454,175
000744.png,774,434,Infected,496,5,703,208
000744.png,774,434,Non-Infected,38,2,425,195
000745.png,706,396,Infected,114,36,214,238
000745.png,706,396,Non-Infected,215,30,585,335
000746.png,586,328,Infected,262,70,461,206
000746.png,586,328,Non-Infected,128,93,229,307
000748.png,586,328,Infected,290,46,462,225
000748.png,586,328,Non-Infected,139,112,249,328
000750.png,586,328,Infected,288,101,469,243
000750.png,586,328,Non-Infected,119,132,281,316
000751.png,774,434,Infected,354,276,759,386
000751.png,774,434,Non-Infected,46,10,727,240
000752.png,586,328,Infected,221,58,409,206
000752.png,586,328,Non-Infected,149,219,387,328
000755.png,586,328,Infected,207,67,414,255
000756.png,774,434,Infected,284,12,707,351
000756.png,774,434,Non-Infected,49,7,280,424
000757.png,774,434,Infected,267,1,615,327
000757.png,774,434,Non-Infected,52,5,259,431
000758.png,774,434,Infected,303,9,658,384
000758.png,774,434,Non-Infected,81,117,275,335
000759.png,774,434,Infected,331,7,664,373
000759.png,774,434,Non-Infected,82,116,293,319
000760.png,774,434,Infected,335,1,626,315
000760.png,774,434,Non-Infected,86,104,270,314
000761.png,774,434,Infected,348,6,551,302
000761.png,774,434,Non-Infected,83,125,267,308
000762.png,774,434,Infected,316,2,577,316
000762.png,774,434,Non-Infected,81,134,263,347
000763.png,774,434,Infected,319,1,586,299
000763.png,774,434,Non-Infected,77,106,251,317
000764.png,774,434,Infected,338,5,561,301
000764.png,774,434,Non-Infected,71,129,279,320
000765.png,774,434,Infected,194,79,535,395
000766.png,774,434,Infected,67,133,479,416
000766.png,774,434,Non-Infected,503,41,716,204
000767.png,774,434,Infected,124,158,475,429
000767.png,774,434,Non-Infected,483,39,731,235
000768.png,774,434,Infected,130,182,478,421
000768.png,774,434,Non-Infected,468,9,707,212
000769.png,774,434,Infected,74,139,445,419
000769.png,774,434,Non-Infected,474,10,699,169
000770.png,774,434,Infected,120,124,572,430
000770.png,774,434,Non-Infected,424,5,678,98
000771.png,774,434,Infected,127,118,448,434
000771.png,774,434,Non-Infected,473,35,702,191
000772.png,774,434,Infected,78,102,515,392
000772.png,774,434,Non-Infected,456,19,658,83
000776.png,586,328,Infected,183,57,373,246
000777.png,586,328,Infected,172,63,382,259
000778.png,586,328,Infected,163,73,389,258
000779.png,586,328,Infected,165,54,378,252
000780.png,586,328,Infected,181,90,376,270
000781.png,586,328,Infected,177,50,383,211
000782.png,586,328,Infected,180,47,393,219
000783.png,774,434,Infected,84,113,549,301
000783.png,774,434,Non-Infected,580,57,728,165
000784.png,774,434,Infected,170,64,528,313
000784.png,774,434,Non-Infected,544,27,734,169
000784.png,774,434,Non-Infected,117,375,479,434
000785.png,774,434,Infected,101,52,489,358
000785.png,774,434,Non-Infected,125,384,399,434
000785.png,774,434,Non-Infected,526,14,706,141
000786.png,774,434,Infected,121,27,473,415
000787.png,774,434,Infected,121,18,554,400
000788.png,774,434,Infected,176,2,571,400
000789.png,774,434,Infected,123,14,576,303
000790.png,774,434,Infected,111,16,526,367
000791.png,774,434,Infected,103,50,608,379
000792.png,774,434,Infected,102,36,556,429
000837.png,774,434,Infected,225,23,637,388
000863.png,774,434,Infected,147,91,630,434
000888.png,706,396,Infected,216,72,357,213
000888.png,706,396,Non-Infected,64,156,242,333
000888.png,706,396,Non-Infected,415,185,573,343
000893.png,774,434,Infected,384,1,695,394
000893.png,774,434,Non-Infected,113,5,374,413
000931.png,774,434,Infected,236,84,485,298
000931.png,774,434,Non-Infected,168,329,662,434
000934.png,774,434,Infected,102,97,541,329
000934.png,774,434,Non-Infected,565,18,713,250
000934.png,774,434,Non-Infected,197,353,628,434
000935.png,774,434,Infected,148,96,550,326
000935.png,774,434,Non-Infected,557,34,715,285
000935.png,774,434,Non-Infected,220,371,521,434
000937.png,774,434,Infected,206,132,535,313
000937.png,774,434,Non-Infected,544,22,705,277
000937.png,774,434,Non-Infected,193,343,563,434
000940.png,774,434,Infected,279,101,559,285
000940.png,774,434,Non-Infected,575,15,707,213
000940.png,774,434,Non-Infected,202,327,677,434
000942.png,774,434,Infected,242,73,578,292
000942.png,774,434,Non-Infected,227,328,681,431
000944.png,774,434,Infected,187,121,595,313
000944.png,774,434,Non-Infected,118,368,536,434
000962.png,774,434,Infected,442,62,660,280
000962.png,774,434,Non-Infected,110,20,432,262
001088.png,810,454,Infected,321,82,672,433
001107.png,612,344,Infected,151,3,446,298
001109 (1).png,612,344,Infected,160,27,460,320
001109.png,612,344,Infected,143,47,439,344
001112.png,612,344,Infected,163,1,464,301
001113.png,810,454,Infected,197,25,625,454
001115 (1).png,612,344,Infected,157,1,447,290
001115.png,612,344,Infected,162,6,438,282
001118.png,612,344,Infected,123,1,441,319
001121 (1).png,612,344,Infected,159,1,501,344
001121.png,612,344,Infected,155,5,493,344
001127.png,612,344,Infected,160,56,447,344
001132 (1).png,612,344,Infected,143,82,404,344
001132.png,612,344,Infected,160,76,427,344
001134.png,586,328,Infected,120,204,296,260
001134.png,586,328,Non-Infected,181,276,414,322
001134.png,586,328,Non-Infected,359,154,482,197
001137.png,612,344,Infected,241,34,420,213
001138.png,810,454,Infected,357,154,655,453
001142.png,612,344,Infected,229,58,463,292
001147.png,612,344,Infected,207,38,469,300
001152.png,612,344,Infected,219,64,467,312
001153 (1).png,612,344,Infected,208,21,468,281
001153.png,612,344,Infected,207,19,476,288
001158 (1).png,612,344,Infected,175,7,447,279
001158.png,612,344,Infected,187,14,456,283
001159 (1).png,612,344,Infected,180,32,441,293
001159.png,612,344,Infected,184,33,450,299
001163.png,810,454,Infected,295,119,550,374
001163.png,810,454,Non-Infected,25,127,271,373
001164 (1).png,612,344,Infected,331,196,473,297
001164 (1).png,612,344,Non-Infected,17,284,325,344
001164.png,612,344,Infected,165,80,450,290
001164.png,612,344,Non-Infected,1,293,609,344
001169 (1).png,612,344,Infected,171,125,477,267
001169 (1).png,612,344,Non-Infected,1,275,612,344
001169.png,612,344,Infected,154,91,477,264
001169.png,612,344,Non-Infected,9,279,609,344
001170 (1).png,612,344,Infected,165,105,481,264
001170 (1).png,612,344,Non-Infected,5,273,609,344
001170.png,612,344,Infected,146,102,477,257
001170.png,612,344,Non-Infected,1,269,612,344
001171 (1).png,612,344,Infected,128,139,482,299
001171 (1).png,612,344,Non-Infected,8,306,612,344
001171 (1).png,612,344,Non-Infected,11,18,116,288
001171.png,612,344,Infected,139,154,465,306
001171.png,612,344,Non-Infected,8,311,612,344
001171.png,612,344,Non-Infected,1,9,133,306
001172.png,612,344,Infected,272,191,470,310
001172.png,612,344,Non-Infected,1,319,610,344
001173 (1).png,612,344,Infected,244,218,405,296
001173 (1).png,612,344,Infected,2,304,612,344
001173 (1).png,612,344,Non-Infected,50,13,396,125
001173.png,612,344,Infected,219,232,394,302
001173.png,612,344,Non-Infected,3,305,612,344
001173.png,612,344,Non-Infected,2,3,385,140
001188.png,810,454,Infected,316,56,624,449
001188.png,810,454,Non-Infected,86,122,279,390
001213.png,810,454,Infected,343,2,646,452
001213.png,810,454,Infected,86,61,331,418
001238.png,810,454,Infected,377,1,711,453
001238.png,810,454,Non-Infected,65,96,358,395
001263.png,810,454,Infected,109,6,487,454
001263.png,810,454,Non-Infected,507,195,735,429
001272.png,810,454,Infected,242,299,506,454
001272.png,810,454,Non-Infected,111,13,769,280
001303.png,810,454,Infected,98,191,420,454
001303.png,810,454,Non-Infected,118,6,439,157
001336.png,586,328,Infected,110,114,238,260
001336.png,586,328,Non-Infected,251,34,439,190
001336.png,586,328,Non-Infected,320,243,433,328
001337.png,586,328,Non-Infected,269,134,446,308
001338.png,586,328,Non-Infected,110,97,295,240
001339.png,586,328,Non-Infected,302,55,455,208
001339.png,586,328,Non-Infected,176,72,280,176
001364.png,774,434,Infected,64,82,630,429
001367.png,810,454,Infected,85,90,482,296
001367.png,810,454,Infected,494,208,699,440
001392.png,810,454,Infected,425,1,671,454
001392.png,810,454,Non-Infected,105,169,363,454
001403.png,774,434,Infected,91,26,692,310
001403.png,774,434,Non-Infected,103,339,730,429
001417.png,810,454,Infected,469,105,730,454
001417.png,810,454,Non-Infected,73,61,446,451
001428.png,774,434,Infected,431,1,619,434
001428.png,774,434,Non-Infected,112,202,336,424
001442.png,810,454,Infected,385,1,690,445
001442.png,810,454,Non-Infected,77,174,374,454
001453.png,774,434,Infected,367,169,618,431
001453.png,774,434,Non-Infected,100,63,305,414
001467.png,810,454,Infected,293,93,561,454
001473.png,706,396,Infected,210,197,422,395
001473.png,706,396,Non-Infected,125,1,512,82
001478.png,774,434,Infected,347,136,628,433
001483.png,706,396,Infected,167,216,330,393
001483.png,706,396,Non-Infected,402,284,552,393
001495.png,810,454,Infected,305,7,608,454
001495.png,810,454,Infected,72,68,298,318
001504.png,706,396,Infected,191,178,367,354
001504.png,706,396,Non-Infected,273,8,559,119
001508.png,774,434,Infected,129,165,473,425
001513.png,706,396,Infected,301,59,460,283
001513.png,706,396,Non-Infected,83,292,559,396
001516.png,706,396,Infected,288,26,415,251
001516.png,706,396,Non-Infected,80,258,535,396
001521.png,706,396,Non-Infected,271,6,474,209
001521.png,706,396,Non-Infected,121,284,548,396
001529.png,706,396,Infected,269,208,428,323
001529.png,706,396,Non-Infected,117,23,277,199
001529.png,706,396,Non-Infected,299,15,530,124
001535.png,774,434,Infected,260,193,550,428
001535.png,774,434,Infected,115,14,297,177
001535.png,774,434,Non-Infected,101,263,215,403
001536.png,706,396,Infected,249,196,435,275
001536.png,706,396,Non-Infected,81,290,555,396
001542.png,706,396,Infected,336,187,515,326
001542.png,706,396,Non-Infected,85,330,555,396
001544.png,706,396,Infected,363,230,543,382
001544.png,706,396,Non-Infected,99,55,352,396
001544.png,706,396,Non-Infected,368,22,535,141
001545.png,706,396,Infected,397,227,552,348
001545.png,706,396,Non-Infected,102,32,382,373
001546.png,706,396,Infected,393,223,535,324
001546.png,706,396,Non-Infected,97,57,383,394
001547.png,706,396,Infected,392,203,529,326
001547.png,706,396,Non-Infected,77,69,371,389
001548.png,774,434,Infected,257,280,433,430
001549.png,706,396,Infected,425,204,563,313
001549.png,706,396,Non-Infected,93,44,416,396
001550.png,706,396,Non-Infected,402,207,556,329
001550.png,706,396,Non-Infected,88,41,388,396
001551.png,706,396,Infected,395,221,541,337
001551.png,706,396,Non-Infected,80,63,389,396
001552.png,706,396,Infected,395,213,527,323
001552.png,706,396,Non-Infected,91,48,388,396
001553.png,706,396,Infected,396,205,530,329
001553.png,706,396,Non-Infected,85,52,389,396
001554.png,706,396,Infected,370,211,512,339
001554.png,706,396,Non-Infected,85,57,364,396
001555.png,706,396,Infected,393,213,530,334
001555.png,706,396,Infected,87,51,383,396
001556.png,706,396,Infected,396,206,555,297
001556.png,706,396,Non-Infected,96,37,387,395
001557.png,706,396,Infected,410,219,533,304
001557.png,706,396,Non-Infected,100,37,402,396
001558.png,706,396,Infected,395,209,523,311
001558.png,706,396,Non-Infected,81,55,389,396
001559.png,706,396,Infected,373,219,494,359
001559.png,706,396,Non-Infected,86,54,356,396
001560.png,706,396,Infected,358,229,491,355
001560.png,706,396,Non-Infected,84,64,346,396
001561.png,706,396,Infected,366,239,502,344
001561.png,706,396,Non-Infected,86,53,357,396
001565.png,706,396,Infected,205,164,422,342
001566.png,706,396,Infected,237,245,403,350
001566.png,706,396,Non-Infected,133,14,533,153
001567.png,774,434,Infected,355,121,514,434
001567.png,774,434,Non-Infected,97,179,312,387
001571.png,706,396,Infected,188,51,385,223
001574.png,706,396,Infected,199,85,444,298
001574.png,706,396,Non-Infected,79,307,547,396
001575.png,706,396,Infected,187,92,420,292
001575.png,706,396,Non-Infected,85,301,556,396
001576.png,706,396,Infected,230,95,397,277
001576.png,706,396,Non-Infected,102,292,552,396
001580.png,706,396,Infected,181,98,451,336
001580.png,706,396,Non-Infected,93,345,551,396
001581.png,706,396,Infected,92,58,255,234
001581.png,706,396,Infected,290,252,495,357
001581.png,706,396,Non-Infected,284,16,528,236
001582.png,706,396,Infected,93,36,269,207
001582.png,706,396,Infected,276,199,427,323
001582.png,706,396,Non-Infected,298,17,535,188
001592.png,774,434,Infected,172,94,350,434
001592.png,774,434,Non-Infected,414,72,695,354
001632 - Copy.png,774,434,Infected,409,188,583,360
001632.png,774,434,Infected,423,193,579,350
001633 - Copy.png,774,434,Infected,407,246,570,395
001633.png,774,434,Infected,385,258,556,389
001765 - Copy.png,774,434,Infected,280,160,497,340
001765 - Copy.png,774,434,Infected,400,345,573,429
001765 - Copy.png,774,434,Non-Infected,117,2,421,93
001765 - Copy.png,774,434,Non-Infected,553,177,726,339
001765.png,774,434,Infected,275,189,578,434
001765.png,774,434,Non-Infected,137,14,376,94
001765.png,774,434,Non-Infected,73,134,240,369
001766 - Copy.png,774,434,Infected,291,126,560,434
001766 - Copy.png,774,434,Non-Infected,578,148,734,343
001766 - Copy.png,774,434,Non-Infected,89,130,248,407
001766.png,774,434,Infected,279,138,558,431
001766.png,774,434,Non-Infected,579,130,719,358
001766.png,774,434,Non-Infected,73,108,256,371
001767 - Copy.png,774,434,Infected,278,69,580,434
001767.png,774,434,Infected,272,83,536,434
001767.png,774,434,Non-Infected,553,95,722,362
001767.png,774,434,Non-Infected,70,107,250,394
001769 - Copy.png,774,434,Infected,260,137,521,434
001769 - Copy.png,774,434,Non-Infected,543,171,693,387
001769.png,774,434,Infected,247,179,542,434
001769.png,774,434,Non-Infected,559,186,693,410
001770 - Copy.png,774,434,Infected,252,148,529,434
001770 - Copy.png,774,434,Non-Infected,541,168,718,372
001770.png,774,434,Infected,283,154,548,434
001770.png,774,434,Non-Infected,565,157,712,382
001771 - Copy.png,774,434,Infected,249,122,515,434
001771 - Copy.png,774,434,Non-Infected,526,130,722,379
001771.png,774,434,Infected,254,120,528,434
001771.png,774,434,Non-Infected,545,98,719,371
001773 - Copy.png,774,434,Infected,260,138,487,431
001773 - Copy.png,774,434,Non-Infected,507,148,721,375
001773.png,774,434,Infected,250,151,504,434
001773.png,774,434,Non-Infected,534,108,718,378
001779 - Copy.png,774,434,Infected,283,131,501,400
001779 - Copy.png,774,434,Infected,182,23,414,124
001779.png,774,434,Infected,306,137,505,401
001779.png,774,434,Infected,130,9,370,110
001788.png,774,434,Infected,485,45,625,218
001788.png,774,434,Non-Infected,112,32,412,338
001789.png,774,434,Infected,524,59,666,240
001789.png,774,434,Non-Infected,106,23,470,379
001794.png,774,434,Infected,493,109,649,291
001794.png,774,434,Non-Infected,126,13,469,411
001799.png,774,434,Infected,582,75,722,239
001799.png,774,434,Non-Infected,114,7,549,339
001801.png,774,434,Non-Infected,117,1,472,424
001803.png,774,434,Non-Infected,122,13,406,415
001804.png,774,434,Non-Infected,122,15,527,202
000056_1.png,586,328,Infected,102,198,495,320
000056_1.png,586,328,Non-Infected,120,72,334,189
000085_1.png,586,328,Infected,315,89,469,328
000085_1.png,586,328,Non-Infected,116,86,307,282
000295_1.png,586,328,Non-Infected,111,91,282,300
000295_1.png,586,328,Infected,295,93,488,328
000601_1.png,586,328,Infected,234,23,394,224
000601_1.png,586,328,Non-Infected,107,119,228,316
000601_1.png,586,328,Non-Infected,236,233,349,326
000601_1.png,586,328,Non-Infected,402,32,484,221
000612_1.png,586,328,Infected,131,32,337,241
000612_1.png,586,328,Non-Infected,340,8,493,244
000613_1.png,586,328,Infected,102,12,326,252
000613_1.png,586,328,Non-Infected,330,4,492,246
000614_1.png,586,328,Infected,89,1,335,255
000614_1.png,586,328,Non-Infected,348,5,489,263
000622_1.png,586,328,Infected,191,20,407,224
000622_1.png,586,328,Non-Infected,413,37,497,257
000627 (1)_1.png,612,344,Infected,292,0,439,235
000627 (1)_1.png,612,344,Non-Infected,91,96,279,258
000627_1.png,586,328,Infected,104,19,302,319
000627_1.png,586,328,Non-Infected,306,3,495,243
000628_1.png,586,328,Infected,104,10,287,317
000628_1.png,586,328,Non-Infected,293,3,489,243
000630_1.png,612,344,Infected,182,0,406,182
000630_1.png,612,344,Non-Infected,419,5,496,169
000630_1.png,612,344,Non-Infected,107,192,349,276
000631 (1)_1.png,612,344,Non-Infected,88,161,338,266
000631 (1)_1.png,612,344,Non-Infected,426,6,528,272
000631 (1)_1.png,612,344,Infected,179,3,416,154
000631_1.png,612,344,Infected,173,3,426,174
000631_1.png,612,344,Non-Infected,435,11,527,280
000631_1.png,612,344,Non-Infected,110,178,338,317
000632 (1)_1.png,612,344,Infected,182,0,432,155
000632 (1)_1.png,612,344,Non-Infected,112,160,327,295
000632 (1)_1.png,612,344,Non-Infected,442,6,519,285
000632_1.png,612,344,Infected,191,0,431,150
000632_1.png,612,344,Non-Infected,108,162,327,299
000632_1.png,612,344,Non-Infected,439,6,529,293
000633 (1)_1.png,612,344,Non-Infected,100,174,322,310
000633 (1)_1.png,612,344,Non-Infected,430,3,530,295
000633 (1)_1.png,612,344,Infected,178,3,424,168
000633_1.png,612,344,Infected,183,1,428,168
000633_1.png,612,344,Non-Infected,105,180,317,315
000633_1.png,612,344,Non-Infected,436,3,528,310
000654_1.png,612,344,Non-Infected,109,172,536,326
000654_1.png,612,344,Infected,220,6,523,167
000679_1.png,612,344,Infected,181,1,408,185
000679_1.png,612,344,Non-Infected,107,193,520,335
000706 (1)_1.png,612,344,Infected,130,1,372,223
000706 (1)_1.png,612,344,Non-Infected,116,244,480,340
000706 (1)_1.png,612,344,Non-Infected,383,172,519,240
000706_1.png,612,344,Infected,127,1,368,225
000706_1.png,612,344,Non-Infected,111,230,478,337
000706_1.png,612,344,Non-Infected,375,163,518,235
000737_1.png,706,396,Infected,149,9,352,225
000737_1.png,706,396,Non-Infected,46,243,380,304
000744_1.png,706,396,Infected,111,4,363,245
000744_1.png,706,396,Non-Infected,38,269,379,337
000749_1.png,706,396,Infected,145,2,604,237
000749_1.png,706,396,Non-Infected,51,253,370,356
000751_1.png,706,396,Infected,128,5,525,249
000751_1.png,706,396,Non-Infected,66,262,382,329
000753_1.png,706,396,Non-Infected,52,267,350,341
000753_1.png,706,396,Infected,135,8,595,267
000754_1.png,706,396,Infected,119,3,629,253
000754_1.png,706,396,Non-Infected,66,269,372,317
000757_1.png,706,396,Non-Infected,40,4,122,367
000757_1.png,706,396,Infected,133,49,606,357
000758_1.png,706,396,Infected,120,20,608,314
000758_1.png,706,396,Non-Infected,33,7,114,375
000759_1.png,706,396,Infected,172,230,607,391
000759_1.png,706,396,Non-Infected,297,7,606,221
000760_1.png,706,396,Infected,148,254,608,396
000760_1.png,706,396,Non-Infected,293,17,613,243
000761_1.png,706,396,Non-Infected,288,2,616,203
000761_1.png,706,396,Infected,152,213,613,391
000765_1.png,706,396,Non-Infected,28,128,267,334
000765_1.png,706,396,Infected,184,4,370,131
000765_1.png,706,396,Infected,277,146,563,396
000775_1.png,706,396,Infected,187,11,396,159
000775_1.png,706,396,Infected,305,173,598,396
000775_1.png,706,396,Non-Infected,40,171,269,373
000778_1.png,706,396,Infected,197,1,569,128
000778_1.png,706,396,Infected,299,149,606,394
000778_1.png,706,396,Non-Infected,56,148,267,364
000783_1.png,706,396,Non-Infected,47,200,353,337
000783_1.png,706,396,Infected,163,7,595,194
000783_1.png,706,396,Infected,369,203,600,383
000784_1.png,706,396,Infected,168,0,596,176
000784_1.png,706,396,Infected,361,190,608,394
000784_1.png,706,396,Non-Infected,43,183,359,367
000785_1.png,706,396,Infected,153,7,602,190
000785_1.png,706,396,Infected,356,200,602,386
000785_1.png,706,396,Non-Infected,34,196,351,385
000786_1.png,706,396,Non-Infected,48,186,340,346
000786_1.png,706,396,Infected,149,10,600,182
000786_1.png,706,396,Infected,351,193,600,382
000787_1.png,706,396,Infected,164,4,590,157
000787_1.png,706,396,Infected,373,167,606,377
000787_1.png,706,396,Non-Infected,31,167,363,353
000788_1.png,706,396,Non-Infected,42,199,327,323
000788_1.png,706,396,Infected,159,4,588,185
000788_1.png,706,396,Infected,335,194,608,376
000789_1.png,706,396,Infected,184,7,600,182
000789_1.png,706,396,Infected,387,189,607,381
000789_1.png,706,396,Non-Infected,38,183,345,350
000790_1.png,706,396,Non-Infected,37,219,353,352
000790_1.png,706,396,Infected,161,14,593,205
000790_1.png,706,396,Infected,367,218,620,389
000791_1.png,706,396,Infected,159,0,586,193
000791_1.png,706,396,Infected,374,196,583,385
000791_1.png,706,396,Non-Infected,41,198,365,366
000792_1.png,706,396,Non-Infected,40,223,363,338
000792_1.png,706,396,Infected,167,10,585,223
000792_1.png,706,396,Infected,373,231,593,383
000793_1.png,706,396,Infected,118,0,579,219
000793_1.png,706,396,Infected,363,225,592,396
000793_1.png,706,396,Non-Infected,50,230,366,387
000804 (1)_1.png,612,344,Non-Infected,105,226,225,338
000804 (1)_1.png,612,344,Infected,144,24,510,216
000804_1.png,612,344,Infected,177,11,532,224
000804_1.png,612,344,Non-Infected,129,237,332,341
000805_1.png,612,344,Non-Infected,353,101,512,312
000805_1.png,612,344,Infected,133,27,337,261
000806 (1)_1.png,612,344,Infected,155,12,377,221
000806 (1)_1.png,612,344,Non-Infected,387,40,526,304
000806_1.png,612,344,Non-Infected,349,66,529,284
000806_1.png,612,344,Infected,170,1,340,233
000807_1.png,612,344,Infected,179,0,356,226
000807_1.png,612,344,Non-Infected,365,27,536,300
000808 (1)_1.png,612,344,Non-Infected,329,34,545,295
000808 (1)_1.png,612,344,Infected,159,7,326,243
000808_1.png,706,396,Infected,216,7,606,208
000808_1.png,706,396,Infected,406,203,610,343
000808_1.png,706,396,Non-Infected,48,22,207,327
000808_1.png,706,396,Non-Infected,216,217,400,329
000809 (1)_1.png,612,344,Non-Infected,336,144,516,325
000809 (1)_1.png,612,344,Infected,150,10,326,249
000809_1.png,612,344,Infected,155,9,344,270
000809_1.png,612,344,Non-Infected,348,135,526,307
000810_1.png,612,344,Infected,156,2,366,260
000810_1.png,612,344,Non-Infected,373,142,513,305
000811_1.png,706,396,Infected,107,3,497,220
000811_1.png,706,396,Infected,389,230,561,381
000811_1.png,706,396,Non-Infected,50,230,368,391
000812 (1)_1.png,612,344,Non-Infected,384,145,517,312
000812 (1)_1.png,612,344,Non-Infected,124,252,367,343
000812 (1)_1.png,612,344,Infected,135,5,475,139
000812 (1)_1.png,612,344,Infected,139,145,373,236
000812_1.png,612,344,Infected,160,1,335,218
000812_1.png,612,344,Infected,348,0,434,120
000812_1.png,612,344,Non-Infected,363,143,510,301
000812_1.png,612,344,Non-Infected,118,229,319,333
000813 (1)_1.png,612,344,Infected,173,4,327,241
000813 (1)_1.png,612,344,Infected,340,7,439,114
000813 (1)_1.png,612,344,Non-Infected,355,129,525,295
000813 (1)_1.png,612,344,Non-Infected,121,247,322,340
000813_1.png,706,396,Infected,103,12,595,218
000813_1.png,706,396,Infected,400,220,592,383
000813_1.png,706,396,Non-Infected,33,244,374,396
000814 (1)_1.png,612,344,Infected,191,9,358,234
000814 (1)_1.png,612,344,Infected,369,3,474,133
000814 (1)_1.png,612,344,Non-Infected,364,140,531,294
000814 (1)_1.png,612,344,Non-Infected,109,241,359,334
000814_1.png,612,344,Infected,191,6,350,244
000814_1.png,612,344,Infected,357,3,454,136
000814_1.png,612,344,Non-Infected,358,141,521,283
000814_1.png,612,344,Non-Infected,108,242,361,340
000815_1.png,706,396,Infected,96,0,511,164
000815_1.png,706,396,Infected,326,182,589,396
000815_1.png,706,396,Non-Infected,54,190,303,393
000816_1.png,612,344,Non-Infected,115,250,446,344
000816_1.png,612,344,Infected,156,15,391,242
000816_1.png,612,344,Non-Infected,404,128,524,267
000817 (1)_1.png,612,344,Non-Infected,357,55,537,305
000817 (1)_1.png,612,344,Non-Infected,108,237,338,344
000817 (1)_1.png,612,344,Infected,156,22,348,231
000817_1.png,706,396,Infected,92,2,420,211
000817_1.png,706,396,Infected,411,193,603,396
000817_1.png,706,396,Non-Infected,40,217,391,394
000818_1.png,706,396,Non-Infected,31,214,386,386
000818_1.png,706,396,Infected,121,4,424,210
000818_1.png,706,396,Infected,400,193,603,386
000819_1.png,612,344,Infected,160,3,363,237
000819_1.png,612,344,Non-Infected,373,91,531,304
000819_1.png,612,344,Non-Infected,95,252,352,339
000820_1.png,706,396,Non-Infected,54,249,373,396
000820_1.png,706,396,Infected,96,17,471,239
000820_1.png,706,396,Infected,396,243,606,396
000821_1.png,706,396,Infected,90,22,526,240
000821_1.png,706,396,Infected,393,201,631,389
000821_1.png,706,396,Non-Infected,52,247,376,396
000822_1.png,706,396,Infected,71,8,440,204
000822_1.png,706,396,Infected,384,215,593,396
000822_1.png,706,396,Non-Infected,48,240,369,383
000823_1.png,706,396,Infected,88,8,433,214
000823_1.png,706,396,Infected,412,187,598,393
000823_1.png,706,396,Non-Infected,55,233,385,380
000824_1.png,706,396,Non-Infected,40,225,357,392
000824_1.png,706,396,Infected,75,0,448,214
000824_1.png,706,396,Infected,371,178,618,387
000825_1.png,706,396,Infected,71,4,441,237
000825_1.png,706,396,Infected,403,163,596,396
000825_1.png,706,396,Non-Infected,40,245,391,392
000826_1.png,706,396,Non-Infected,47,258,383,388
000826_1.png,706,396,Infected,70,9,483,247
000826_1.png,706,396,Infected,390,213,625,390
000827_1.png,706,396,Infected,71,4,436,236
000827_1.png,706,396,Infected,406,192,604,386
000827_1.png,706,396,Non-Infected,57,250,380,393
000828_1.png,706,396,Non-Infected,36,244,383,386
000828_1.png,706,396,Infected,70,4,441,234
000828_1.png,706,396,Infected,390,190,621,381
000829_1.png,706,396,Infected,78,4,425,209
000829_1.png,706,396,Infected,413,194,634,361
000829_1.png,706,396,Non-Infected,49,231,388,394
000830_1.png,706,396,Infected,79,10,389,223
000830_1.png,706,396,Infected,398,178,597,396
000830_1.png,706,396,Non-Infected,44,232,369,396
000831_1.png,706,396,Infected,83,0,427,183
000831_1.png,706,396,Infected,396,123,615,394
000831_1.png,706,396,Non-Infected,58,203,349,389
000832_1.png,706,396,Non-Infected,41,243,389,393
000832_1.png,706,396,Infected,75,7,432,225
000832_1.png,706,396,Infected,401,173,622,394
000833_1.png,706,396,Infected,63,4,446,196
000833_1.png,706,396,Infected,400,144,601,380
000833_1.png,706,396,Non-Infected,56,210,382,382
000834_1.png,706,396,Infected,60,0,470,210
000834_1.png,706,396,Infected,406,152,608,385
000834_1.png,706,396,Non-Infected,38,213,389,393
000835_1.png,706,396,Infected,53,2,448,198
000835_1.png,706,396,Infected,363,153,628,396
000835_1.png,706,396,Non-Infected,37,215,357,382
000836_1.png,706,396,Infected,76,2,456,180
000836_1.png,706,396,Infected,383,132,613,396
000836_1.png,706,396,Non-Infected,37,188,353,385
000838_1.png,706,396,Infected,80,6,483,190
000838_1.png,706,396,Infected,406,154,616,387
000838_1.png,706,396,Non-Infected,29,197,389,393
000839_1.png,706,396,Infected,78,7,532,177
000839_1.png,706,396,Non-Infected,50,211,380,386
000840_1.png,706,396,Infected,98,14,392,193
000840_1.png,706,396,Non-Infected,86,253,390,383
000841_1.png,706,396,Infected,93,8,463,210
000841_1.png,706,396,Non-Infected,63,236,393,391
000847_1.png,706,396,Infected,227,50,377,198
000847_1.png,706,396,Non-Infected,406,30,594,396
000852_1.png,706,396,Infected,107,6,549,118
000852_1.png,706,396,Infected,373,96,613,292
000852_1.png,706,396,Non-Infected,62,145,313,272
000853_1.png,706,396,Infected,115,4,476,145
000853_1.png,706,396,Infected,341,90,618,310
000853_1.png,706,396,Non-Infected,57,163,328,293
000854_1.png,706,396,Non-Infected,54,152,326,300
000854_1.png,706,396,Infected,108,4,545,134
000854_1.png,706,396,Infected,343,104,629,304
000855_1.png,706,396,Infected,96,4,576,136
000855_1.png,706,396,Infected,353,106,619,327
000855_1.png,706,396,Non-Infected,53,157,334,307
000856_1.png,706,396,Non-Infected,54,163,327,306
000856_1.png,706,396,Infected,87,0,447,145
000856_1.png,706,396,Infected,350,93,611,313
000857_1.png,706,396,Infected,107,4,465,143
000857_1.png,706,396,Infected,373,99,632,298
000857_1.png,706,396,Non-Infected,47,156,349,308
000858_1.png,706,396,Non-Infected,59,148,347,305
000858_1.png,706,396,Infected,105,3,490,137
000858_1.png,706,396,Infected,361,108,610,305
000859_1.png,706,396,Non-Infected,36,144,303,322
000859_1.png,706,396,Infected,80,1,468,133
000859_1.png,706,396,Infected,342,84,612,304
000860_1.png,706,396,Non-Infected,53,181,318,383
000860_1.png,706,396,Infected,63,4,406,173
000860_1.png,706,396,Infected,347,116,618,297
000861_1.png,706,396,Non-Infected,32,192,353,384
000861_1.png,706,396,Infected,56,4,390,180
000861_1.png,706,396,Infected,370,110,596,290
000862_1.png,706,396,Non-Infected,61,203,387,355
000862_1.png,706,396,Infected,53,10,430,181
000862_1.png,706,396,Infected,394,126,609,293
000864_1.png,706,396,Infected,189,10,514,179
000864_1.png,706,396,Infected,399,128,620,323
000864_1.png,706,396,Non-Infected,67,210,367,355
000868_1.png,706,396,Non-Infected,88,163,332,280
000868_1.png,706,396,Infected,272,21,433,138
000869_1.png,706,396,Non-Infected,62,127,294,267
000869_1.png,706,396,Infected,265,13,424,125
000870_1.png,706,396,Non-Infected,83,170,339,286
000870_1.png,706,396,Infected,277,10,487,151
000870_1.png,706,396,Infected,127,309,582,396
000871_1.png,706,396,Infected,110,283,591,396
000871_1.png,706,396,Infected,280,14,452,169
000871_1.png,706,396,Non-Infected,62,149,288,267
000878_1.png,706,396,Infected,50,147,315,289
000878_1.png,706,396,Non-Infected,250,35,456,143
000878_1.png,706,396,Non-Infected,72,288,600,396
000883_1.png,706,396,Non-Infected,47,153,365,290
000883_1.png,706,396,Infected,66,299,584,396
000883_1.png,706,396,Infected,257,16,490,144
000884_1.png,706,396,Non-Infected,43,189,313,285
000884_1.png,706,396,Infected,252,24,445,181
000884_1.png,706,396,Infected,73,301,589,396
000889_1.png,706,396,Infected,223,70,449,273
000889_1.png,706,396,Infected,411,220,600,373
000889_1.png,706,396,Non-Infected,53,36,186,307
000894_1.png,706,396,Non-Infected,60,201,324,321
000894_1.png,706,396,Infected,187,7,402,191
000894_1.png,706,396,Infected,357,216,600,372
000895_1.png,706,396,Non-Infected,58,182,321,342
000895_1.png,706,396,Infected,197,5,413,172
000895_1.png,706,396,Infected,359,216,570,384
000896_1.png,706,396,Infected,208,9,409,189
000896_1.png,706,396,Infected,367,160,613,363
000896_1.png,706,396,Non-Infected,63,199,324,350
000897_1.png,706,396,Infected,198,1,411,172
000897_1.png,706,396,Infected,353,179,598,343
000897_1.png,706,396,Non-Infected,53,190,339,331
000898_1.png,706,396,Non-Infected,43,178,342,314
000898_1.png,706,396,Infected,204,2,419,177
000898_1.png,706,396,Infected,364,132,605,329
000899_1.png,706,396,Non-Infected,43,185,309,319
000899_1.png,706,396,Infected,187,0,421,181
000899_1.png,706,396,Infected,361,140,632,336
000901_1.png,706,396,Non-Infected,48,180,309,337
000901_1.png,706,396,Infected,205,4,423,176
000901_1.png,706,396,Infected,350,136,527,354
000902_1.png,706,396,Non-Infected,50,167,334,325
000902_1.png,706,396,Infected,216,6,411,157
000902_1.png,706,396,Infected,360,123,587,330
000903_1.png,706,396,Non-Infected,43,177,362,317
000903_1.png,706,396,Infected,210,5,429,163
000903_1.png,706,396,Infected,377,143,586,326
000904_1.png,706,396,Non-Infected,34,153,344,321
000904_1.png,706,396,Infected,219,14,385,148
000904_1.png,706,396,Infected,359,163,587,329
000905_1.png,706,396,Non-Infected,47,178,312,334
000905_1.png,706,396,Infected,222,7,395,165
000905_1.png,706,396,Infected,342,148,563,315
000906_1.png,706,396,Non-Infected,39,163,301,335
000906_1.png,706,396,Infected,227,0,411,135
000906_1.png,706,396,Infected,322,107,526,301
000907_1.png,706,396,Non-Infected,37,150,317,297
000907_1.png,706,396,Infected,222,0,382,148
000907_1.png,706,396,Infected,330,122,530,301
000909_1.png,706,396,Non-Infected,60,157,286,314
000909_1.png,706,396,Infected,211,0,378,143
000909_1.png,706,396,Infected,313,157,523,297
000910_1.png,706,396,Non-Infected,41,163,283,314
000910_1.png,706,396,Infected,214,0,399,153
000910_1.png,706,396,Infected,295,133,520,305
000911_1.png,706,396,Non-Infected,30,177,328,304
000911_1.png,706,396,Infected,213,4,415,176
000911_1.png,706,396,Infected,342,133,618,293
000912_1.png,706,396,Non-Infected,39,177,326,319
000912_1.png,706,396,Infected,217,5,393,162
000912_1.png,706,396,Infected,353,140,616,302
000915_1.png,706,396,Infected,209,62,386,241
000915_1.png,706,396,Non-Infected,433,92,596,350
000922_1.png,706,396,Infected,183,4,426,152
000922_1.png,706,396,Infected,90,307,535,396
000922_1.png,706,396,Non-Infected,256,208,591,290
000931_1.png,706,396,Infected,284,2,541,179
000931_1.png,706,396,Infected,77,260,333,396
000931_1.png,706,396,Non-Infected,393,199,572,374
000938_1.png,706,396,Non-Infected,119,25,315,203
000938_1.png,706,396,Infected,330,0,437,126
000938_1.png,706,396,Infected,93,278,265,396
000945_1.png,774,434,Infected,111,29,626,305
000946_1.png,774,434,Infected,101,17,644,320
000947_1.png,706,396,Infected,66,257,556,396
000947_1.png,706,396,Non-Infected,94,47,345,230
000948_1.png,774,434,Non-Infected,62,7,482,366
000948_1.png,774,434,Infected,504,0,732,332
000949_1.png,706,396,Non-Infected,61,0,267,286
000949_1.png,706,396,Infected,293,0,470,169
000950_1.png,774,434,Non-Infected,48,11,462,404
000950_1.png,774,434,Infected,459,0,702,366
000951_1.png,706,396,Non-Infected,270,44,503,310
000951_1.png,706,396,Infected,72,298,444,395
000953_1.png,706,396,Non-Infected,259,67,501,258
000953_1.png,706,396,Infected,70,261,526,396
000954_1.png,774,434,Non-Infected,49,6,385,415
000954_1.png,774,434,Infected,399,3,739,409
000955_1.png,706,396,Non-Infected,236,25,507,273
000955_1.png,706,396,Infected,89,289,589,396
000956_1.png,774,434,Non-Infected,60,0,455,393
000956_1.png,774,434,Infected,466,0,722,364
000957_1.png,706,396,Non-Infected,243,9,544,285
000957_1.png,706,396,Infected,85,290,580,396
000958_1.png,706,396,Infected,80,294,595,396
000958_1.png,706,396,Non-Infected,225,24,560,255
000959_1.png,706,396,Non-Infected,238,24,595,280
000959_1.png,706,396,Infected,53,283,617,386
000960_1.png,774,434,Non-Infected,80,9,451,380
000960_1.png,774,434,Infected,445,0,727,345
000961_1.png,706,396,Non-Infected,240,9,573,276
000961_1.png,706,396,Infected,72,306,587,396
000962_1.png,706,396,Infected,68,308,593,396
000962_1.png,706,396,Non-Infected,226,35,587,298
000963_1.png,706,396,Non-Infected,229,20,580,293
000963_1.png,706,396,Infected,80,315,587,396
000964_1.png,774,434,Infected,28,22,453,379
000964_1.png,774,434,Non-Infected,446,9,715,364
000965_1.png,706,396,Non-Infected,224,23,566,279
000965_1.png,706,396,Infected,83,300,634,396
000966_1.png,774,434,Non-Infected,6,0,524,393
000966_1.png,774,434,Infected,530,6,762,401
000967_1.png,706,396,Non-Infected,220,15,590,273
000967_1.png,706,396,Infected,73,286,607,396
000968_1.png,774,434,Non-Infected,51,0,496,385
000968_1.png,774,434,Infected,515,0,751,378
000969_1.png,706,396,Non-Infected,213,17,582,296
000969_1.png,706,396,Infected,68,312,582,396
000970_1.png,774,434,Non-Infected,69,0,495,401
000970_1.png,774,434,Infected,509,1,766,347
000971_1.png,706,396,Non-Infected,216,8,587,294
000971_1.png,706,396,Infected,73,303,577,396
000972_1.png,774,434,Non-Infected,62,0,508,405
000972_1.png,774,434,Infected,511,0,755,397
000973_1.png,706,396,Non-Infected,203,7,577,280
000973_1.png,706,396,Infected,53,296,585,396
000974_1.png,774,434,Non-Infected,116,0,548,362
000974_1.png,774,434,Infected,551,6,752,264
000975_1.png,706,396,Non-Infected,197,27,572,293
000975_1.png,706,396,Infected,88,304,558,393
000976_1.png,706,396,Non-Infected,78,297,603,395
000976_1.png,706,396,Infected,193,32,490,265
000977_1.png,706,396,Non-Infected,189,35,466,281
000977_1.png,706,396,Infected,65,307,570,396
000978_1.png,706,396,Non-Infected,100,262,585,392
000978_1.png,706,396,Infected,167,27,413,248
000980_1.png,774,434,Infected,76,89,566,402
000980_1.png,774,434,Non-Infected,564,15,744,190
000982_1.png,774,434,Infected,54,8,592,334
000982_1.png,774,434,Non-Infected,610,6,739,178
000986_1.png,774,434,Non-Infected,42,10,463,434
000986_1.png,774,434,Infected,475,0,756,434
000990_1.png,774,434,Non-Infected,44,12,495,434
000990_1.png,774,434,Infected,523,4,756,426
000993_1.png,706,396,Infected,292,36,466,242
000993_1.png,706,396,Non-Infected,62,19,272,333
001001_1.png,774,434,Infected,30,75,637,378
001003_1.png,774,434,Infected,38,0,580,391
001003_1.png,774,434,Non-Infected,593,10,774,309
001005_1.png,774,434,Infected,80,0,559,434
001005_1.png,774,434,Non-Infected,583,0,752,418
001007_1.png,774,434,Infected,15,1,581,430
001007_1.png,774,434,Non-Infected,591,6,751,201
001009_1.png,774,434,Non-Infected,583,4,728,125
001009_1.png,774,434,Infected,40,11,570,430
001011_1.png,774,434,Infected,49,0,571,395
001011_1.png,774,434,Non-Infected,582,18,732,118
001013_1.png,774,434,Infected,45,10,566,433
001013_1.png,774,434,Non-Infected,581,0,746,167
001017_1.png,774,434,Infected,135,0,548,268
001017_1.png,774,434,Infected,525,202,736,407
001017_1.png,774,434,Non-Infected,57,272,497,422
001025_1.png,706,396,Infected,154,34,443,396
001025_1.png,706,396,Non-Infected,470,102,592,350
001038_1.png,774,434,Infected,18,0,421,405
001038_1.png,774,434,Non-Infected,434,0,725,300
001040_1.png,774,434,Infected,47,32,390,433
001040_1.png,774,434,Non-Infected,427,18,730,357
001042_1.png,774,434,Non-Infected,402,21,738,320
001042_1.png,774,434,Infected,40,0,373,434
001044_1.png,774,434,Non-Infected,391,4,750,225
001044_1.png,774,434,Infected,42,12,403,427
001046_1.png,774,434,Non-Infected,436,2,735,312
001046_1.png,774,434,Infected,63,0,424,420
001048_1.png,774,434,Infected,40,8,451,413
001048_1.png,774,434,Infected,421,300,677,432
001048_1.png,774,434,Non-Infected,471,5,676,102
001055_1.png,706,396,Infected,82,0,360,224
001055_1.png,706,396,Non-Infected,68,259,344,396
001055_1.png,706,396,Infected,366,288,519,396
001063_1.png,774,434,Infected,250,148,588,389
001063_1.png,774,434,Non-Infected,51,0,226,154
001064_1.png,774,434,Infected,112,202,533,416
001064_1.png,774,434,Non-Infected,559,28,739,326
001065_1.png,774,434,Infected,65,78,601,428
001066_1.png,774,434,Infected,45,117,528,434
001066_1.png,774,434,Non-Infected,542,17,752,336
001067_1.png,774,434,Non-Infected,548,14,764,315
001067_1.png,774,434,Infected,55,29,532,416
001068_1.png,774,434,Infected,34,0,523,431
001068_1.png,774,434,Non-Infected,549,4,750,275
001069_1.png,774,434,Non-Infected,541,8,754,296
001069_1.png,774,434,Infected,56,0,530,434
001070_1.png,774,434,Infected,59,22,486,426
001070_1.png,774,434,Non-Infected,496,0,738,332
001071_1.png,774,434,Non-Infected,544,14,762,340
001071_1.png,774,434,Infected,64,7,537,426
001072_1.png,774,434,Infected,27,13,492,418
001072_1.png,774,434,Non-Infected,524,0,751,292
001073_1.png,774,434,Non-Infected,500,8,774,318
001073_1.png,774,434,Infected,46,16,491,425
001074_1.png,774,434,Infected,54,5,478,422
001074_1.png,774,434,Non-Infected,499,13,767,349
001075_1.png,774,434,Non-Infected,480,2,741,321
001075_1.png,774,434,Infected,74,44,465,419
001076_1.png,774,434,Infected,39,16,484,420
001076_1.png,774,434,Non-Infected,497,0,769,332
001077_1.png,774,434,Non-Infected,488,0,765,325
001077_1.png,774,434,Infected,43,0,470,405
001078_1.png,774,434,Infected,60,0,479,409
001078_1.png,774,434,Non-Infected,514,0,774,322
001080_1.png,774,434,Infected,39,8,515,327
001080_1.png,774,434,Non-Infected,529,4,774,281
001081_1.png,774,434,Infected,29,0,534,332
001081_1.png,774,434,Non-Infected,552,0,766,231
001082_1.png,774,434,Infected,51,0,507,311
001082_1.png,774,434,Infected,431,259,687,434
001082_1.png,774,434,Non-Infected,520,7,759,247
001083_1.png,774,434,Infected,24,0,474,329
001083_1.png,774,434,Infected,373,299,687,429
001083_1.png,774,434,Non-Infected,519,1,754,272
001084_1.png,774,434,Infected,55,33,486,325
001084_1.png,774,434,Infected,347,271,678,434
001084_1.png,774,434,Non-Infected,518,21,743,259
001085_1.png,774,434,Infected,40,8,500,301
001085_1.png,774,434,Infected,312,229,685,426
001085_1.png,774,434,Non-Infected,519,25,731,208
001086_1.png,774,434,Non-Infected,519,24,754,235
001086_1.png,774,434,Infected,70,28,506,305
001087_1.png,774,434,Infected,29,0,499,298
001087_1.png,774,434,Non-Infected,517,14,748,260
001088_1.png,774,434,Infected,41,0,486,332
001088_1.png,774,434,Infected,388,252,683,434
001088_1.png,774,434,Non-Infected,512,8,748,243
001089_1.png,774,434,Infected,29,4,525,297
001089_1.png,774,434,Infected,407,272,774,434
001089_1.png,774,434,Non-Infected,544,6,748,252
001098_1.png,706,396,Infected,205,25,546,259
001098_1.png,706,396,Infected,430,281,587,396
001098_1.png,706,396,Non-Infected,35,253,370,386
001114_1.png,774,434,Infected,67,8,521,403
001114_1.png,774,434,Non-Infected,551,3,751,274
001139_1.png,774,434,Infected,58,103,442,434
001146_1.png,586,328,Infected,92,94,437,328
001150_1.png,586,328,Infected,113,173,445,328
001151_1.png,706,396,Infected,46,24,416,375
001155_1.png,586,328,Infected,76,155,453,328
001158_1.png,586,328,Infected,94,152,450,328
001161_1.png,586,328,Infected,108,176,510,327
001163_1.png,586,328,Infected,119,191,467,326
001164_1.png,774,434,Infected,396,8,631,202
001164_1.png,774,434,Infected,574,234,730,433
001164_1.png,774,434,Non-Infected,62,25,376,417
001164_1.png,774,434,Non-Infected,385,223,561,434
001167_1.png,586,328,Infected,70,176,528,319
001167_1.png,586,328,Infected,232,76,372,175
001169_1.png,586,328,Infected,283,95,400,185
001169_1.png,586,328,Infected,113,186,474,328
001170_1.png,586,328,Infected,268,131,377,200
001170_1.png,586,328,Infected,109,188,466,328
001171_1.png,586,328,Infected,319,151,420,190
001171_1.png,586,328,Infected,119,172,431,316
001171_1.png,586,328,Non-Infected,190,11,449,144
001172_1.png,586,328,Non-Infected,193,19,455,125
001172_1.png,586,328,Infected,322,138,437,187
001172_1.png,586,328,Infected,125,181,491,328
001173_1.png,586,328,Infected,120,171,492,328
001173_1.png,586,328,Infected,312,133,419,206
001173_1.png,586,328,Non-Infected,170,16,466,127
001180_1.png,586,328,Infected,100,186,507,328
001180_1.png,586,328,Infected,278,62,403,175
001180_1.png,586,328,Non-Infected,0,0,241,159
001188_1.png,706,396,Infected,333,0,521,357
001188_1.png,706,396,Non-Infected,68,0,306,382
001189_1.png,774,434,Infected,345,8,658,427
001189_1.png,774,434,Non-Infected,70,0,279,418
001190_1.png,706,396,Non-Infected,91,223,600,396
001190_1.png,706,396,Infected,242,0,566,187
001191_1.png,706,396,Infected,322,2,525,171
001191_1.png,706,396,Non-Infected,83,170,600,395
001192_1.png,706,396,Non-Infected,78,200,582,396
001192_1.png,706,396,Infected,312,0,546,175
001193_1.png,706,396,Infected,337,4,537,232
001193_1.png,706,396,Non-Infected,38,243,613,392
001194_1.png,706,396,Non-Infected,76,253,588,396
001194_1.png,706,396,Infected,320,0,530,237
001195_1.png,706,396,Infected,338,0,566,218
001195_1.png,706,396,Non-Infected,93,248,610,390
001196_1.png,706,396,Non-Infected,76,229,649,391
001196_1.png,706,396,Infected,302,0,554,211
001197_1.png,706,396,Infected,326,14,527,222
001197_1.png,706,396,Non-Infected,69,240,586,396
001198_1.png,706,396,Non-Infected,87,209,638,396
001198_1.png,706,396,Infected,321,4,515,194
001199_1.png,706,396,Infected,322,4,510,210
001199_1.png,706,396,Non-Infected,52,223,602,393
001200_1.png,706,396,Non-Infected,50,228,593,396
001200_1.png,706,396,Infected,335,0,551,191
001201_1.png,706,396,Infected,340,5,537,163
001201_1.png,706,396,Non-Infected,43,200,616,396
001202_1.png,706,396,Non-Infected,47,201,616,396
001202_1.png,706,396,Infected,317,0,529,193
001203_1.png,586,328,Infected,169,30,468,246
001204_1.png,586,328,Infected,155,19,488,209
001205_1.png,706,396,Infected,295,3,498,198
001205_1.png,706,396,Non-Infected,50,204,616,396
001206_1.png,706,396,Non-Infected,88,307,637,396
001206_1.png,706,396,Infected,313,6,486,282
001207_1.png,706,396,Infected,328,7,494,270
001207_1.png,706,396,Non-Infected,101,261,557,393
001208_1.png,706,396,Non-Infected,117,287,614,396
001208_1.png,706,396,Infected,314,7,493,260
001211_1.png,586,328,Infected,122,130,362,328
001211_1.png,586,328,Non-Infected,249,7,465,117
001214_1.png,774,434,Infected,347,8,606,434
001214_1.png,774,434,Non-Infected,45,115,259,409
001215_1.png,586,328,Infected,180,105,391,328
001215_1.png,586,328,Non-Infected,127,0,434,86
001239_1.png,774,434,Infected,246,0,544,416
001239_1.png,774,434,Non-Infected,40,7,215,422
001240_1.png,586,328,Infected,116,104,384,328
001240_1.png,586,328,Non-Infected,130,0,435,88
001244_1.png,586,328,Non-Infected,138,41,471,311
001252_1.png,586,328,Infected,98,0,467,321
001254_1.png,586,328,Infected,97,0,401,324
001254_1.png,586,328,Non-Infected,423,0,531,158
001254_1.png,586,328,Infected,387,173,490,299
001257_1.png,586,328,Infected,79,6,346,328
001257_1.png,586,328,Infected,327,139,474,328
001257_1.png,586,328,Non-Infected,354,7,460,99
001258_1.png,586,328,Infected,83,6,379,328
001258_1.png,586,328,Infected,346,204,473,328
001258_1.png,586,328,Non-Infected,391,82,485,184
001259_1.png,586,328,Infected,85,3,351,328
001259_1.png,586,328,Infected,299,177,460,328
001259_1.png,586,328,Non-Infected,356,4,491,167
001260_1.png,586,328,Infected,92,10,285,323
001260_1.png,586,328,Infected,287,61,362,323
001260_1.png,586,328,Non-Infected,367,19,481,228
001261_1.png,586,328,Infected,71,11,273,321
001261_1.png,586,328,Infected,214,157,362,328
001261_1.png,586,328,Non-Infected,297,12,472,159
001262_1.png,586,328,Infected,127,0,391,316
001262_1.png,586,328,Non-Infected,402,61,495,194
001262_1.png,586,328,Infected,344,215,487,315
001263_1.png,586,328,Infected,89,0,381,316
001263_1.png,586,328,Infected,359,201,459,312
001263_1.png,586,328,Non-Infected,395,64,486,189
001264_1.png,774,434,Infected,333,7,613,218
001264_1.png,774,434,Infected,564,189,741,434
001264_1.png,774,434,Non-Infected,66,236,537,434
001265_1.png,586,328,Infected,93,108,424,324
001265_1.png,586,328,Infected,159,5,313,80
001265_1.png,586,328,Non-Infected,351,25,471,100
001266_1.png,586,328,Non-Infected,356,13,499,193
001266_1.png,586,328,Infected,97,14,380,324
001267_1.png,586,328,Infected,109,10,351,325
001267_1.png,586,328,Non-Infected,371,38,488,253
001268_1.png,586,328,Infected,212,133,397,284
001268_1.png,586,328,Infected,94,12,204,299
001268_1.png,586,328,Non-Infected,324,14,482,129
001269_1.png,586,328,Infected,97,70,288,327
001269_1.png,586,328,Non-Infected,301,16,464,122
001270_1.png,586,328,Infected,108,86,398,324
001270_1.png,586,328,Non-Infected,187,7,442,81
001272_1.png,586,328,Infected,116,144,465,328
001272_1.png,586,328,Non-Infected,134,10,334,125
001273_1.png,586,328,Infected,94,136,524,328
001273_1.png,586,328,Non-Infected,158,0,383,112
001274_1.png,586,328,Infected,109,163,492,328
001274_1.png,586,328,Non-Infected,109,6,444,148
001275_1.png,586,328,Infected,102,191,482,328
001275_1.png,586,328,Non-Infected,104,10,488,176
001277_1.png,586,328,Infected,80,180,504,328
001277_1.png,586,328,Non-Infected,64,0,515,180
001283_1.png,586,328,Infected,169,151,488,328
001283_1.png,586,328,Non-Infected,89,13,269,126
001289_1.png,774,434,Infected,28,0,609,431
001289_1.png,774,434,Non-Infected,617,0,759,390
001294_1.png,586,328,Infected,133,152,508,328
001294_1.png,586,328,Non-Infected,177,19,476,117
001314_1.png,774,434,Infected,33,77,592,430
001314_1.png,774,434,Non-Infected,592,19,765,182
